ID,Target
0,21
1,26
2,23
3,7
4,28
5,17
6,10
7,9
8,28
9,19
10,26
11,10
12,28
13,15
14,17
15,27
16,12
17,20
18,21
19,12
20,19
21,8
22,3
23,10
24,0
25,27
26,13
27,2
28,1
29,2
30,8
31,4
32,14
33,1
34,10
35,17
36,23
37,24
38,24
39,19
40,3
41,21
42,17
43,22
44,1
45,26
46,20
47,28
48,24
49,26
50,6
51,29
52,10
53,19
54,6
55,4
56,19
57,25
58,12
59,0
60,8
61,12
62,26
63,13
64,15
65,20
66,22
67,25
68,19
69,18
70,21
71,11
72,0
73,28
74,1
75,17
76,14
77,9
78,15
79,4
80,4
81,23
82,25
83,22
84,18
85,17
86,28
87,2
88,16
89,14
90,13
91,22
92,11
93,22
94,19
95,10
96,5
97,8
98,27
99,15
100,4
101,13
102,23
103,1
104,18
105,6
106,12
107,18
108,22
109,23
110,11
111,22
112,11
113,1
114,3
115,9
116,2
117,13
118,9
119,3
120,0
121,6
122,11
123,1
124,13
125,21
126,5
127,2
128,25
129,16
130,3
131,26
132,0
133,19
134,24
135,19
136,6
137,19
138,19
139,0
140,13
141,2
142,6
143,12
144,7
145,10
146,3
147,25
148,1
149,2
150,25
151,16
152,9
153,18
154,10
155,13
156,4
157,13
158,24
159,21
160,0
161,19
162,1
163,4
164,16
165,10
166,27
167,10
168,11
169,0
170,6
171,25
172,2
173,14
174,13
175,19
176,2
177,17
178,10
179,14
180,7
181,23
182,20
183,29
184,20
185,19
186,27
187,13
188,12
189,23
190,1
191,5
192,23
193,9
194,1
195,21
196,23
197,12
198,17
199,24
200,3
201,19
202,21
203,7
204,8
205,13
206,15
207,9
208,7
209,16
210,17
211,26
212,16
213,29
214,24
215,11
216,25
217,29
218,4
219,14
220,18
221,25
222,12
223,21
224,4
225,12
226,11
227,26
228,17
229,25
230,26
231,21
232,0
233,17
234,22
235,15
236,28
237,12
238,17
239,9
240,6
241,22
242,6
243,4
244,21
245,19
246,23
247,20
248,5
249,12
250,17
251,26
252,18
253,19
254,26
255,11
256,24
257,16
258,9
259,29
260,13
261,7
262,27
263,0
264,24
265,19
266,8
267,17
268,6
269,0
270,21
271,8
272,26
273,4
274,21
275,1
276,10
277,15
278,13
279,18
280,7
281,9
282,13
283,14
284,12
285,27
286,4
287,19
288,26
289,0
290,29
291,0
292,24
293,6
294,12
295,3
296,5
297,4
298,5
299,16
300,23
301,26
302,19
303,23
304,12
305,11
306,17
307,28
308,13
309,15
310,6
311,23
312,13
313,19
314,23
315,26
316,0
317,23
318,12
319,5
320,1
321,26
322,4
323,7
324,29
325,13
326,26
327,10
328,26
329,28
330,12
331,24
332,12
333,19
334,5
335,5
336,22
337,21
338,9
339,6
340,19
341,11
342,23
343,6
344,5
345,23
346,6
347,24
348,12
349,4
350,25
351,8
352,11
353,25
354,22
355,25
356,19
357,0
358,29
359,13
360,26
361,20
362,21
363,17
364,18
365,3
366,21
367,9
368,8
369,3
370,16
371,10
372,0
373,15
374,6
375,28
376,8
377,25
378,10
379,10
380,12
381,22
382,3
383,0
384,15
385,2
386,0
387,2
388,23
389,10
390,17
391,26
392,23
393,17
394,19
395,11
396,20
397,24
398,29
399,26
400,2
401,24
402,23
403,14
404,7
405,28
406,17
407,19
408,19
409,3
410,21
411,7
412,13
413,9
414,9
415,10
416,19
417,0
418,15
419,13
420,18
421,3
422,10
423,7
424,5
425,26
426,13
427,15
428,5
429,16
430,26
431,18
432,2
433,28
434,17
435,14
436,23
437,14
438,11
439,26
440,1
441,13
442,3
443,29
444,0
445,2
446,20
447,7
448,14
449,16
450,18
451,27
452,9
453,14
454,12
455,6
456,6
457,21
458,29
459,24
460,24
461,18
462,21
463,19
464,21
465,3
466,19
467,11
468,28
469,19
470,9
471,25
472,20
473,7
474,13
475,5
476,21
477,0
478,14
479,28
480,11
481,12
482,13
483,4
484,22
485,11
486,6
487,11
488,20
489,2
490,13
491,5
492,25
493,13
494,11
495,19
496,6
497,15
498,21
499,17
500,25
501,10
502,19
503,27
504,29
505,22
506,25
507,18
508,28
509,7
510,6
511,20
512,18
513,19
514,14
515,24
516,5
517,11
518,0
519,20
520,29
521,12
522,0
523,6
524,20
525,13
526,1
527,23
528,29
529,5
530,7
531,21
532,9
533,0
534,24
535,0
536,19
537,9
538,2
539,6
540,19
541,10
542,26
543,4
544,12
545,1
546,18
547,22
548,27
549,6
550,19
551,3
552,17
553,9
554,6
555,0
556,8
557,11
558,27
559,7
560,15
561,15
562,10
563,26
564,13
565,13
566,18
567,28
568,12
569,1
570,17
571,19
572,29
573,7
574,19
575,3
576,20
577,12
578,15
579,1
580,21
581,20
582,6
583,1
584,5
585,16
586,9
587,17
588,2
589,11
590,3
591,27
592,26
593,13
594,20
595,14
596,10
597,26
598,17
599,26
600,27
601,4
602,17
603,21
604,20
605,5
606,1
607,6
608,3
609,11
610,26
611,9
612,3
613,3
614,29
615,27
616,19
617,17
618,26
619,24
620,17
621,22
622,20
623,0
624,21
625,10
626,0
627,17
628,18
629,1
630,28
631,23
632,11
633,27
634,17
635,3
636,12
637,6
638,0
639,5
640,19
641,10
642,28
643,27
644,25
645,26
646,29
647,19
648,3
649,2
650,15
651,0
652,3
653,19
654,8
655,15
656,17
657,5
658,28
659,27
660,11
661,18
662,27
663,12
664,3
665,25
666,12
667,8
668,9
669,11
670,10
671,26
672,21
673,20
674,1
675,14
676,29
677,3
678,24
679,4
680,18
681,27
682,18
683,1
684,21
685,0
686,14
687,1
688,9
689,17
690,0
691,15
692,25
693,27
694,13
695,27
696,8
697,19
698,6
699,23
700,10
701,17
702,15
703,13
704,13
705,1
706,29
707,22
708,27
709,5
710,11
711,1
712,20
713,6
714,20
715,19
716,5
717,19
718,2
719,15
720,27
721,13
722,28
723,6
724,6
725,21
726,14
727,12
728,28
729,23
730,7
731,4
732,4
733,25
734,1
735,27
736,13
737,24
738,18
739,0
740,21
741,16
742,15
743,8
744,16
745,9
746,29
747,2
748,21
749,14
750,19
751,9
752,27
753,25
754,29
755,29
756,16
757,8
758,7
759,13
760,0
761,3
762,24
763,25
764,8
765,8
766,22
767,13
768,3
769,0
770,9
771,20
772,6
773,24
774,10
775,25
776,0
777,10
778,29
779,0
780,1
781,7
782,3
783,12
784,11
785,3
786,15
787,29
788,2
789,1
790,11
791,28
792,15
793,11
794,23
795,6
796,10
797,18
798,18
799,24
800,20
801,15
802,19
803,19
804,26
805,24
806,26
807,8
808,26
809,7
810,6
811,28
812,11
813,18
814,23
815,11
816,14
817,12
818,8
819,28
820,25
821,1
822,10
823,8
824,4
825,18
826,24
827,0
828,12
829,4
830,3
831,23
832,27
833,19
834,22
835,28
836,23
837,15
838,17
839,15
840,2
841,27
842,12
843,15
844,10
845,23
846,10
847,18
848,16
849,27
850,6
851,22
852,18
853,16
854,9
855,28
856,13
857,19
858,8
859,6
860,4
861,13
862,21
863,7
864,12
865,8
866,5
867,19
868,0
869,25
870,18
871,18
872,19
873,27
874,23
875,17
876,10
877,6
878,11
879,14
880,16
881,23
882,10
883,11
884,10
885,21
886,6
887,23
888,27
889,17
890,1
891,22
892,1
893,10
894,15
895,6
896,4
897,21
898,27
899,27
900,17
901,9
902,6
903,17
904,22
905,0
906,16
907,10
908,3
909,16
910,1
911,19
912,0
913,27
914,6
915,10
916,28
917,11
918,0
919,29
920,24
921,26
922,28
923,26
924,19
925,18
926,24
927,15
928,19
929,18
930,4
931,26
932,6
933,13
934,14
935,2
936,19
937,28
938,9
939,19
940,8
941,26
942,27
943,19
944,0
945,15
946,20
947,4
948,5
949,1
950,10
951,3
952,29
953,3
954,14
955,14
956,28
957,22
958,0
959,2
960,27
961,2
962,22
963,28
964,12
965,13
966,3
967,19
968,28
969,3
970,3
971,25
972,28
973,27
974,12
975,3
976,3
977,29
978,2
979,1
980,24
981,8
982,23
983,17
984,24
985,24
986,26
987,20
988,16
989,15
990,28
991,27
992,11
993,5
994,2
995,2
996,7
997,19
998,26
999,26
1000,29
1001,24
1002,19
1003,24
1004,20
1005,26
1006,22
1007,3
1008,17
1009,23
1010,27
1011,9
1012,29
1013,7
1014,11
1015,16
1016,23
1017,4
1018,29
1019,8
1020,27
1021,13
1022,9
1023,22
1024,24
1025,0
1026,5
1027,28
1028,26
1029,14
1030,25
1031,25
1032,8
1033,0
1034,21
1035,28
1036,8
1037,29
1038,19
1039,23
1040,13
1041,28
1042,15
1043,22
1044,6
1045,6
1046,12
1047,13
1048,15
1049,21
1050,9
1051,10
1052,25
1053,25
1054,27
1055,3
1056,0
1057,16
1058,11
1059,2
1060,7
1061,6
1062,1
1063,12
1064,9
1065,20
1066,5
1067,17
1068,25
1069,6
1070,2
1071,29
1072,20
1073,28
1074,15
1075,29
1076,7
1077,25
1078,4
1079,15
1080,27
1081,17
1082,21
1083,8
1084,19
1085,5
1086,5
1087,25
1088,22
1089,12
1090,17
1091,14
1092,12
1093,17
1094,19
1095,11
1096,18
1097,11
1098,6
1099,9
1100,10
1101,1
1102,5
1103,14
1104,27
1105,10
1106,6
1107,18
1108,21
1109,13
1110,10
1111,11
1112,28
1113,6
1114,13
1115,26
1116,6
1117,14
1118,26
1119,1
1120,16
1121,7
1122,25
1123,16
1124,18
1125,16
1126,24
1127,28
1128,13
1129,21
1130,25
1131,27
1132,18
1133,7
1134,16
1135,2
1136,17
1137,21
1138,24
1139,1
1140,14
1141,0
1142,27
1143,11
1144,20
1145,0
1146,7
1147,14
1148,9
1149,21
1150,26
1151,15
1152,7
1153,27
1154,26
1155,1
1156,27
1157,10
1158,1
1159,4
1160,19
1161,20
1162,17
1163,21
1164,27
1165,4
1166,7
1167,7
1168,25
1169,28
1170,8
1171,11
1172,9
1173,22
1174,0
1175,16
1176,22
1177,19
1178,21
1179,10
1180,23
1181,0
1182,20
1183,26
1184,6
1185,22
1186,9
1187,26
1188,7
1189,9
1190,28
1191,6
1192,10
1193,15
1194,20
1195,24
1196,23
1197,5
1198,29
1199,6
1200,20
1201,18
1202,22
1203,1
1204,22
1205,12
1206,3
1207,15
1208,23
1209,26
1210,13
1211,6
1212,19
1213,8
1214,10
1215,13
1216,19
1217,26
1218,28
1219,8
1220,17
1221,0
1222,29
1223,18
1224,11
1225,17
1226,27
1227,2
1228,3
1229,24
1230,17
1231,5
1232,10
1233,6
1234,12
1235,24
1236,7
1237,1
1238,28
1239,7
1240,21
1241,22
1242,14
1243,16
1244,24
1245,10
1246,24
1247,8
1248,21
1249,17
1250,5
1251,27
1252,22
1253,22
1254,1
1255,22
1256,15
1257,28
1258,24
1259,11
1260,10
1261,27
1262,15
1263,4
1264,11
1265,3
1266,7
1267,18
1268,23
1269,25
1270,13
1271,4
1272,14
1273,4
1274,17
1275,29
1276,20
1277,11
1278,29
1279,26
1280,11
1281,6
1282,19
1283,19
1284,4
1285,8
1286,2
1287,1
1288,25
1289,7
1290,14
1291,1
1292,11
1293,28
1294,2
1295,27
1296,23
1297,6
1298,25
1299,23
1300,13
1301,6
1302,10
1303,18
1304,26
1305,0
1306,28
1307,29
1308,15
1309,3
1310,2
1311,13
1312,7
1313,26
1314,6
1315,15
1316,15
1317,25
1318,4
1319,14
1320,11
1321,10
1322,13
1323,21
1324,0
1325,27
1326,16
1327,27
1328,20
1329,19
1330,22
1331,26
1332,11
1333,23
1334,13
1335,2
1336,12
1337,10
1338,14
1339,28
1340,1
1341,12
1342,4
1343,12
1344,8
1345,12
1346,19
1347,10
1348,4
1349,2
1350,4
1351,25
1352,24
1353,21
1354,25
1355,16
1356,29
1357,5
1358,17
1359,8
1360,23
1361,18
1362,23
1363,6
1364,12
1365,26
1366,6
1367,15
1368,5
1369,13
1370,19
1371,1
1372,8
1373,10
1374,12
1375,11
1376,26
1377,7
1378,4
1379,28
1380,12
1381,9
1382,29
1383,23
1384,6
1385,0
1386,1
1387,14
1388,0
1389,21
1390,23
1391,10
1392,5
1393,4
1394,24
1395,12
1396,12
1397,18
1398,22
1399,11
1400,1
1401,1
1402,21
1403,10
1404,18
1405,21
1406,2
1407,21
1408,4
1409,3
1410,19
1411,18
1412,26
1413,7
1414,8
1415,28
1416,9
1417,22
1418,23
1419,10
1420,18
1421,17
1422,14
1423,0
1424,19
1425,1
1426,9
1427,1
1428,28
1429,14
1430,1
1431,28
1432,11
1433,15
1434,10
1435,19
1436,1
1437,23
1438,4
1439,29
1440,4
1441,21
1442,26
1443,0
1444,26
1445,18
1446,15
1447,3
1448,6
1449,24
1450,17
1451,23
1452,23
1453,4
1454,5
1455,8
1456,12
1457,27
1458,12
1459,4
1460,9
1461,6
1462,21
1463,11
1464,28
1465,16
1466,19
1467,28
1468,18
1469,0
1470,9
1471,2
1472,25
1473,1
1474,26
1475,23
1476,27
1477,23
1478,0
1479,18
1480,23
1481,21
1482,29
1483,10
1484,1
1485,7
1486,11
1487,7
1488,1
1489,4
1490,14
1491,9
1492,3
1493,7
1494,28
1495,25
1496,17
1497,12
1498,24
1499,10
1500,5
1501,28
1502,3
1503,19
1504,18
1505,17
1506,27
1507,12
1508,21
1509,13
1510,4
1511,11
1512,5
1513,28
1514,29
1515,4
1516,24
1517,15
1518,1
1519,2
1520,4
1521,15
1522,0
1523,15
1524,11
1525,3
1526,27
1527,8
1528,17
1529,14
1530,24
1531,3
1532,21
1533,11
1534,10
1535,7
1536,16
1537,29
1538,7
1539,15
1540,19
1541,8
1542,26
1543,21
1544,12
1545,17
1546,15
1547,28
1548,11
1549,2
1550,15
1551,28
1552,3
1553,24
1554,7
1555,5
1556,0
1557,3
1558,0
1559,7
1560,8
1561,20
1562,11
1563,17
1564,12
1565,10
1566,18
1567,15
1568,20
1569,12
1570,7
1571,22
1572,14
1573,20
1574,14
1575,10
1576,27
1577,15
1578,8
1579,24
1580,26
1581,24
1582,15
1583,18
1584,23
1585,27
1586,0
1587,22
1588,12
1589,16
1590,5
1591,1
1592,21
1593,15
1594,10
1595,24
1596,5
1597,16
1598,19
1599,10
1600,14
1601,10
1602,0
1603,4
1604,29
1605,25
1606,9
1607,24
1608,26
1609,0
1610,12
1611,27
1612,26
1613,8
1614,4
1615,11
1616,18
1617,25
1618,11
1619,24
1620,21
1621,0
1622,28
1623,12
1624,26
1625,16
1626,11
1627,23
1628,24
1629,24
1630,0
1631,17
1632,28
1633,26
1634,17
1635,2
1636,11
1637,26
1638,12
1639,1
1640,6
1641,9
1642,15
1643,5
1644,8
1645,7
1646,24
1647,10
1648,0
1649,28
1650,21
1651,6
1652,4
1653,6
1654,19
1655,12
1656,8
1657,27
1658,13
1659,9
1660,16
1661,15
1662,6
1663,22
1664,17
1665,22
1666,18
1667,21
1668,13
1669,25
1670,20
1671,18
1672,13
1673,23
1674,19
1675,9
1676,4
1677,1
1678,16
1679,25
1680,24
1681,7
1682,26
1683,8
1684,3
1685,15
1686,1
1687,0
1688,14
1689,17
1690,23
1691,29
1692,23
1693,17
1694,28
1695,11
1696,2
1697,25
1698,17
1699,4
1700,3
1701,20
1702,7
1703,18
1704,17
1705,17
1706,11
1707,16
1708,11
1709,15
1710,13
1711,4
1712,14
1713,0
1714,25
1715,5
1716,13
1717,29
1718,28
1719,6
1720,5
1721,18
1722,7
1723,13
1724,13
1725,23
1726,14
1727,14
1728,17
1729,2
1730,22
1731,3
1732,19
1733,25
1734,23
1735,19
1736,10
1737,10
1738,6
1739,9
1740,28
1741,14
1742,19
1743,2
1744,21
1745,6
1746,11
1747,6
1748,8
1749,22
1750,25
1751,10
1752,0
1753,17
1754,2
1755,16
1756,13
1757,17
1758,24
1759,12
1760,3
1761,23
1762,2
1763,29
1764,26
1765,15
1766,12
1767,19
1768,0
1769,28
1770,2
1771,12
1772,7
1773,2
1774,8
1775,10
1776,18
1777,25
1778,13
1779,21
1780,6
1781,10
1782,25
1783,4
1784,26
1785,26
1786,25
1787,17
1788,29
1789,19
1790,6
1791,15
1792,25
1793,0
1794,16
1795,2
1796,25
1797,10
1798,6
1799,7
1800,20
1801,13
1802,28
1803,12
1804,11
1805,28
1806,13
1807,24
1808,16
1809,14
1810,26
1811,7
1812,15
1813,3
1814,4
1815,29
1816,11
1817,2
1818,1
1819,10
1820,2
1821,19
1822,26
1823,17
1824,19
1825,28
1826,13
1827,2
1828,26
1829,12
1830,24
1831,27
1832,17
1833,22
1834,13
1835,24
1836,19
1837,8
1838,18
1839,20
1840,4
1841,19
1842,25
1843,15
1844,29
1845,12
1846,21
1847,4
1848,1
1849,26
1850,13
1851,16
1852,13
1853,5
1854,0
1855,29
1856,10
1857,27
1858,22
1859,10
1860,19
1861,3
1862,27
1863,23
1864,13
1865,18
1866,15
1867,20
1868,18
1869,4
1870,8
1871,21
1872,28
1873,3
1874,11
1875,6
1876,22
1877,3
1878,27
1879,8
1880,18
1881,6
1882,15
1883,0
1884,8
1885,1
1886,8
1887,18
1888,17
1889,18
1890,24
1891,29
1892,15
1893,4
1894,2
1895,7
1896,18
1897,22
1898,6
1899,21
1900,28
1901,8
1902,15
1903,27
1904,29
1905,10
1906,22
1907,6
1908,23
1909,28
1910,28
1911,28
1912,12
1913,23
1914,22
1915,26
1916,27
1917,10
1918,26
1919,1
1920,15
1921,10
1922,28
1923,13
1924,28
1925,14
1926,4
1927,5
1928,15
1929,12
1930,7
1931,10
1932,12
1933,6
1934,10
1935,6
1936,6
1937,19
1938,9
1939,13
1940,4
1941,8
1942,29
1943,27
1944,24
1945,14
1946,24
1947,25
1948,23
1949,28
1950,8
1951,10
1952,3
1953,2
1954,28
1955,19
1956,1
1957,5
1958,17
1959,15
1960,13
1961,1
1962,28
1963,9
1964,18
1965,1
1966,2
1967,9
1968,21
1969,25
1970,5
1971,12
1972,29
1973,21
1974,16
1975,7
1976,15
1977,4
1978,18
1979,16
1980,0
1981,17
1982,12
1983,27
1984,14
1985,16
1986,15
1987,10
1988,14
1989,20
1990,10
1991,6
1992,20
1993,8
1994,17
1995,15
1996,7
1997,29
1998,0
1999,15
2000,11
2001,23
2002,17
2003,28
2004,17
2005,12
2006,2
2007,16
2008,27
2009,12
2010,8
2011,1
2012,9
2013,6
2014,17
2015,2
2016,16
2017,1
2018,0
2019,6
2020,24
2021,17
2022,18
2023,21
2024,16
2025,10
2026,16
2027,22
2028,1
2029,18
2030,29
2031,27
2032,7
2033,0
2034,6
2035,29
2036,1
2037,17
2038,1
2039,5
2040,6
2041,23
2042,3
2043,18
2044,0
2045,7
2046,10
2047,20
2048,23
2049,20
2050,6
2051,2
2052,8
2053,1
2054,0
2055,18
2056,9
2057,20
2058,5
2059,6
2060,23
2061,28
2062,15
2063,20
2064,26
2065,3
2066,19
2067,24
2068,22
2069,24
2070,17
2071,23
2072,21
2073,1
2074,8
2075,6
2076,1
2077,6
2078,26
2079,14
2080,17
2081,8
2082,0
2083,1
2084,23
2085,3
2086,5
2087,12
2088,4
2089,7
2090,12
2091,16
2092,18
2093,25
2094,26
2095,3
2096,27
2097,15
2098,25
2099,18
2100,8
2101,5
2102,11
2103,1
2104,8
2105,15
2106,11
2107,26
2108,25
2109,0
2110,21
2111,6
2112,6
2113,15
2114,6
2115,10
2116,11
2117,25
2118,8
2119,25
2120,26
2121,14
2122,28
2123,18
2124,6
2125,22
2126,3
2127,8
2128,24
2129,28
2130,14
2131,23
2132,14
2133,27
2134,13
2135,23
2136,19
2137,10
2138,24
2139,18
2140,20
2141,7
2142,27
2143,6
2144,7
2145,19
2146,6
2147,29
2148,29
2149,26
2150,28
2151,9
2152,16
2153,0
2154,6
2155,15
2156,23
2157,27
2158,12
2159,20
2160,9
2161,13
2162,3
2163,21
2164,14
2165,27
2166,17
2167,12
2168,11
2169,10
2170,26
2171,23
2172,26
2173,23
2174,16
2175,4
2176,18
2177,20
2178,10
2179,3
2180,9
2181,21
2182,18
2183,29
2184,10
2185,19
2186,4
2187,9
2188,21
2189,25
2190,20
2191,29
2192,26
2193,20
2194,16
2195,23
2196,29
2197,29
2198,27
2199,11
2200,0
2201,9
2202,18
2203,28
2204,11
2205,24
2206,25
2207,11
2208,5
2209,18
2210,18
2211,19
2212,6
2213,8
2214,13
2215,25
2216,24
2217,19
2218,15
2219,10
2220,24
2221,21
2222,19
2223,19
2224,0
2225,17
2226,27
2227,24
2228,29
2229,27
2230,9
2231,23
2232,13
2233,19
2234,13
2235,3
2236,12
2237,21
2238,9
2239,20
2240,11
2241,11
2242,18
2243,24
2244,2
2245,11
2246,25
2247,4
2248,6
2249,25
2250,20
2251,18
2252,26
2253,12
2254,3
2255,6
2256,23
2257,2
2258,4
2259,7
2260,18
2261,17
2262,7
2263,25
2264,3
2265,16
2266,4
2267,29
2268,20
2269,18
2270,15
2271,13
2272,3
2273,17
2274,15
2275,17
2276,8
2277,12
2278,29
2279,1
2280,17
2281,0
2282,3
2283,18
2284,27
2285,17
2286,18
2287,19
2288,15
2289,13
2290,17
2291,11
2292,0
2293,27
2294,10
2295,7
2296,13
2297,8
2298,28
2299,20
2300,27
2301,4
2302,6
2303,7
2304,8
2305,27
2306,15
2307,24
2308,2
2309,22
2310,0
2311,29
2312,2
2313,11
2314,14
2315,27
2316,26
2317,19
2318,5
2319,8
2320,18
2321,23
2322,19
2323,0
2324,29
2325,21
2326,7
2327,24
2328,28
2329,27
2330,11
2331,18
2332,19
2333,29
2334,23
2335,9
2336,6
2337,6
2338,5
2339,0
2340,21
2341,23
2342,16
2343,21
2344,14
2345,23
2346,15
2347,18
2348,29
2349,19
2350,16
2351,4
2352,27
2353,6
2354,15
2355,1
2356,16
2357,17
2358,0
2359,24
2360,27
2361,29
2362,11
2363,2
2364,0
2365,16
2366,0
2367,23
2368,1
2369,3
2370,28
2371,14
2372,17
2373,11
2374,17
2375,6
2376,29
2377,15
2378,13
2379,3
2380,18
2381,3
2382,15
2383,25
2384,20
2385,6
2386,14
2387,23
2388,22
2389,6
2390,10
2391,17
2392,19
2393,29
2394,24
2395,27
2396,24
2397,0
2398,11
2399,18
2400,23
2401,6
2402,10
2403,21
2404,2
2405,18
2406,25
2407,11
2408,8
2409,8
2410,8
2411,12
2412,11
2413,8
2414,19
2415,10
2416,29
2417,4
2418,27
2419,11
2420,10
2421,23
2422,12
2423,8
2424,1
2425,9
2426,17
2427,16
2428,3
2429,5
2430,21
2431,13
2432,26
2433,12
2434,14
2435,1
2436,22
2437,6
2438,20
2439,1
2440,28
2441,28
2442,24
2443,9
2444,6
2445,20
2446,10
2447,16
2448,6
2449,19
2450,27
2451,12
2452,27
2453,2
2454,23
2455,23
2456,17
2457,22
2458,0
2459,18
2460,4
2461,8
2462,13
2463,0
2464,11
2465,20
2466,0
2467,29
2468,11
2469,16
2470,24
2471,17
2472,6
2473,3
2474,3
2475,9
2476,25
2477,26
2478,18
2479,5
2480,12
2481,1
2482,26
2483,6
2484,25
2485,2
2486,29
2487,12
2488,14
2489,0
2490,12
2491,11
2492,0
2493,14
2494,15
2495,14
2496,28
2497,28
2498,22
2499,14
2500,10
2501,24
2502,28
2503,5
2504,20
2505,14
2506,15
2507,0
2508,21
2509,16
2510,28
2511,18
2512,13
2513,26
2514,29
2515,4
2516,24
2517,6
2518,18
2519,15
2520,17
2521,8
2522,11
2523,27
2524,26
2525,24
2526,18
2527,20
2528,25
2529,29
2530,29
2531,0
2532,15
2533,13
2534,20
2535,11
2536,17
2537,23
2538,12
2539,19
2540,25
2541,13
2542,24
2543,9
2544,19
2545,17
2546,17
2547,27
2548,0
2549,4
2550,26
2551,1
2552,19
2553,4
2554,12
2555,11
2556,20
2557,20
2558,23
2559,11
2560,11
2561,19
2562,5
2563,23
2564,7
2565,17
2566,1
2567,6
2568,9
2569,14
2570,21
2571,5
2572,21
2573,12
2574,6
2575,17
2576,13
2577,19
2578,9
2579,26
2580,19
2581,29
2582,25
2583,19
2584,3
2585,24
2586,10
2587,28
2588,7
2589,10
2590,5
2591,12
2592,3
2593,10
2594,12
2595,12
2596,21
2597,8
2598,19
2599,21
2600,21
2601,28
2602,6
2603,21
2604,4
2605,19
2606,17
2607,4
2608,4
2609,1
2610,13
2611,11
2612,15
2613,27
2614,21
2615,7
2616,17
2617,10
2618,18
2619,21
2620,5
2621,17
2622,24
2623,16
2624,13
2625,11
2626,11
2627,5
2628,26
2629,25
2630,26
2631,19
2632,6
2633,26
2634,6
2635,1
2636,19
2637,6
2638,28
2639,3
2640,3
2641,27
2642,10
2643,7
2644,21
2645,20
2646,25
2647,14
2648,1
2649,26
2650,15
2651,22
2652,28
2653,15
2654,11
2655,11
2656,14
2657,6
2658,11
2659,17
2660,8
2661,20
2662,5
2663,21
2664,1
2665,26
2666,18
2667,15
2668,29
2669,1
2670,3
2671,23
2672,19
2673,27
2674,12
2675,20
2676,7
2677,1
2678,13
2679,17
2680,17
2681,12
2682,16
2683,18
2684,16
2685,14
2686,7
2687,7
2688,6
2689,7
2690,11
2691,27
2692,19
2693,16
2694,29
2695,24
2696,27
2697,3
2698,23
2699,17
2700,25
2701,19
2702,13
2703,23
2704,10
2705,22
2706,18
2707,14
2708,21
2709,19
2710,6
2711,28
2712,6
2713,1
2714,4
2715,15
2716,11
2717,26
2718,7
2719,18
2720,25
2721,4
2722,28
2723,20
2724,8
2725,10
2726,10
2727,11
2728,23
2729,8
2730,25
2731,28
2732,2
2733,15
2734,27
2735,9
2736,3
2737,17
2738,21
2739,28
2740,27
2741,19
2742,19
2743,28
2744,14
2745,25
2746,10
2747,28
2748,22
2749,0
2750,22
2751,14
2752,28
2753,7
2754,28
2755,2
2756,13
2757,22
2758,15
2759,11
2760,15
2761,15
2762,19
2763,12
2764,7
2765,10
2766,9
2767,0
2768,7
2769,8
2770,15
2771,19
2772,18
2773,0
2774,18
2775,1
2776,2
2777,23
2778,16
2779,26
2780,17
2781,27
2782,16
2783,4
2784,10
2785,11
2786,19
2787,21
2788,0
2789,13
2790,2
2791,25
2792,0
2793,6
2794,12
2795,19
2796,11
2797,5
2798,19
2799,27
2800,19
2801,21
2802,8
2803,7
2804,18
2805,6
2806,8
2807,25
2808,29
2809,27
2810,15
2811,28
2812,20
2813,8
2814,19
2815,8
2816,3
2817,15
2818,12
2819,3
2820,27
2821,12
2822,10
2823,25
2824,26
2825,23
2826,11
2827,11
2828,5
2829,2
2830,4
2831,18
2832,0
2833,23
2834,15
2835,3
2836,23
2837,29
2838,9
2839,5
2840,1
2841,23
2842,27
2843,20
2844,11
2845,17
2846,28
2847,16
2848,19
2849,6
2850,13
2851,24
2852,28
2853,27
2854,27
2855,29
2856,13
2857,24
2858,23
2859,0
2860,23
2861,24
2862,25
2863,25
2864,15
2865,18
2866,20
2867,6
2868,13
2869,0
2870,13
2871,21
2872,0
2873,24
2874,6
2875,9
2876,15
2877,21
2878,6
2879,25
2880,16
2881,5
2882,28
2883,29
2884,5
2885,26
2886,16
2887,12
2888,7
2889,13
2890,8
2891,29
2892,15
2893,27
2894,22
2895,29
2896,1
2897,9
2898,21
2899,25
2900,25
2901,20
2902,11
2903,29
2904,14
2905,21
2906,1
2907,0
2908,8
2909,7
2910,25
2911,21
2912,29
2913,21
2914,26
2915,19
2916,7
2917,21
2918,27
2919,10
2920,23
2921,24
2922,7
2923,8
2924,22
2925,5
2926,3
2927,27
2928,18
2929,11
2930,17
2931,9
2932,18
2933,29
2934,29
2935,13
2936,15
2937,28
2938,28
2939,16
2940,17
2941,28
2942,23
2943,11
2944,26
2945,6
2946,0
2947,19
2948,9
2949,7
2950,6
2951,26
2952,8
2953,14
2954,25
2955,13
2956,22
2957,19
2958,29
2959,21
2960,4
2961,20
2962,25
2963,24
2964,14
2965,10
2966,5
2967,5
2968,6
2969,10
2970,15
2971,13
2972,12
2973,8
2974,3
2975,19
2976,17
2977,27
2978,15
2979,20
2980,17
2981,17
2982,7
2983,29
2984,29
2985,6
2986,6
2987,8
2988,27
2989,10
2990,23
2991,2
2992,5
2993,10
2994,15
2995,15
2996,0
2997,8
2998,20
2999,21
3000,13
3001,11
3002,11
3003,14
3004,13
3005,16
3006,21
3007,25
3008,8
3009,21
3010,15
3011,23
3012,29
3013,18
3014,5
3015,6
3016,9
3017,13
3018,20
3019,29
3020,1
3021,29
3022,6
3023,19
3024,1
3025,17
3026,1
3027,4
3028,7
3029,8
3030,1
3031,18
3032,15
3033,14
3034,1
3035,1
3036,7
3037,17
3038,0
3039,28
3040,19
3041,23
3042,8
3043,1
3044,5
3045,29
3046,4
3047,6
3048,8
3049,17
3050,8
3051,6
3052,9
3053,4
3054,9
3055,29
3056,14
3057,15
3058,1
3059,14
3060,11
3061,11
3062,25
3063,26
3064,14
3065,29
3066,6
3067,23
3068,26
3069,23
3070,27
3071,14
3072,6
3073,13
3074,28
3075,17
3076,0
3077,21
3078,23
3079,24
3080,26
3081,20
3082,2
3083,1
3084,23
3085,1
3086,28
3087,28
3088,26
3089,7
3090,29
3091,25
3092,7
3093,12
3094,9
3095,11
3096,11
3097,5
3098,16
3099,18
3100,13
3101,27
3102,25
3103,10
3104,24
3105,18
3106,18
3107,21
3108,0
3109,15
3110,13
3111,6
3112,0
3113,17
3114,18
3115,1
3116,5
3117,15
3118,16
3119,26
3120,2
3121,16
3122,17
3123,17
3124,1
3125,12
3126,9
3127,29
3128,15
3129,28
3130,13
3131,25
3132,4
3133,12
3134,26
3135,26
3136,3
3137,21
3138,29
3139,0
3140,10
3141,13
3142,3
3143,11
3144,6
3145,28
3146,0
3147,6
3148,26
3149,5
3150,19
3151,27
3152,18
3153,26
3154,18
3155,22
3156,10
3157,23
3158,16
3159,0
3160,23
3161,1
3162,15
3163,11
3164,15
3165,25
3166,6
3167,25
3168,1
3169,19
3170,14
3171,11
3172,25
3173,9
3174,12
3175,12
3176,20
3177,13
3178,7
3179,10
3180,2
3181,15
3182,9
3183,29
3184,14
3185,10
3186,6
3187,8
3188,10
3189,1
3190,29
3191,25
3192,1
3193,29
3194,24
3195,9
3196,6
3197,4
3198,26
3199,27
3200,3
3201,21
3202,17
3203,11
3204,0
3205,20
3206,24
3207,16
3208,11
3209,0
3210,4
3211,28
3212,25
3213,12
3214,18
3215,29
3216,26
3217,11
3218,17
3219,18
3220,0
3221,26
3222,27
3223,27
3224,29
3225,22
3226,25
3227,5
3228,16
3229,1
3230,13
3231,19
3232,21
3233,19
3234,29
3235,26
3236,12
3237,22
3238,9
3239,21
3240,24
3241,19
3242,19
3243,29
3244,28
3245,8
3246,2
3247,24
3248,8
3249,4
3250,21
3251,19
3252,12
3253,10
3254,0
3255,7
3256,15
3257,26
3258,29
3259,18
3260,22
3261,27
3262,9
3263,18
3264,8
3265,1
3266,6
3267,20
3268,23
3269,1
3270,24
3271,24
3272,13
3273,5
3274,25
3275,20
3276,5
3277,5
3278,13
3279,8
3280,6
3281,3
3282,4
3283,24
3284,9
3285,12
3286,23
3287,27
3288,22
3289,12
3290,16
3291,21
3292,11
3293,25
3294,20
3295,15
3296,20
3297,26
3298,5
3299,10
3300,4
3301,18
3302,11
3303,28
3304,6
3305,14
3306,10
3307,27
3308,8
3309,10
3310,1
3311,27
3312,25
3313,15
3314,3
3315,16
3316,15
3317,3
3318,16
3319,2
3320,15
3321,9
3322,8
3323,5
3324,29
3325,7
3326,14
3327,12
3328,2
3329,16
3330,29
3331,17
3332,27
3333,2
3334,18
3335,10
3336,19
3337,28
3338,7
3339,6
3340,26
3341,27
3342,23
3343,24
3344,10
3345,6
3346,1
3347,0
3348,8
3349,25
3350,23
3351,27
3352,0
3353,17
3354,19
3355,29
3356,6
3357,27
3358,20
3359,19
3360,8
3361,11
3362,12
3363,2
3364,17
3365,20
3366,13
3367,13
3368,6
3369,10
3370,2
3371,20
3372,21
3373,27
3374,17
3375,16
3376,13
3377,6
3378,13
3379,5
3380,13
3381,4
3382,11
3383,25
3384,6
3385,1
3386,29
3387,17
3388,11
3389,18
3390,25
3391,21
3392,1
3393,14
3394,6
3395,19
3396,23
3397,14
3398,16
3399,7
3400,1
3401,29
3402,1
3403,25
3404,4
3405,17
3406,10
3407,0
3408,15
3409,26
3410,17
3411,16
3412,16
3413,6
3414,11
3415,0
3416,26
3417,6
3418,21
3419,1
3420,5
3421,20
3422,0
3423,13
3424,28
3425,10
3426,17
3427,4
3428,13
3429,18
3430,2
3431,11
3432,24
3433,14
3434,27
3435,13
3436,19
3437,17
3438,12
3439,2
3440,15
3441,20
3442,23
3443,13
3444,7
3445,28
3446,11
3447,19
3448,19
3449,10
3450,3
3451,0
3452,14
3453,21
3454,20
3455,13
3456,29
3457,13
3458,6
3459,19
3460,8
3461,17
3462,27
3463,3
3464,10
3465,27
3466,17
3467,5
3468,9
3469,0
3470,6
3471,20
3472,24
3473,15
3474,4
3475,26
3476,5
3477,12
3478,27
3479,11
3480,24
3481,23
3482,19
3483,24
3484,8
3485,25
3486,26
3487,25
3488,24
3489,27
3490,15
3491,20
3492,1
3493,14
3494,26
3495,22
3496,14
3497,18
3498,27
3499,29
3500,23
3501,6
3502,21
3503,21
3504,29
3505,27
3506,22
3507,6
3508,4
3509,11
3510,4
3511,23
3512,4
3513,3
3514,18
3515,14
3516,27
3517,0
3518,0
3519,28
3520,9
3521,11
3522,11
3523,25
3524,25
3525,28
3526,16
3527,17
3528,17
3529,23
3530,1
3531,5
3532,18
3533,25
3534,10
3535,26
3536,15
3537,1
3538,28
3539,19
3540,18
3541,21
3542,29
3543,22
3544,23
3545,12
3546,3
3547,5
3548,0
3549,15
3550,10
3551,29
3552,15
3553,16
3554,12
3555,12
3556,9
3557,16
3558,5
3559,27
3560,2
3561,12
3562,7
3563,22
3564,15
3565,27
3566,23
3567,28
3568,18
3569,27
3570,10
3571,12
3572,13
3573,18
3574,20
3575,11
3576,7
3577,10
3578,6
3579,25
3580,3
3581,8
3582,18
3583,6
3584,17
3585,24
3586,6
3587,29
3588,12
3589,6
3590,8
3591,5
3592,8
3593,23
3594,19
3595,9
3596,21
3597,28
3598,28
3599,10
3600,19
3601,26
3602,22
3603,26
3604,19
3605,24
3606,7
3607,21
3608,2
3609,2
3610,4
3611,6
3612,0
3613,10
3614,23
3615,6
3616,29
3617,25
3618,6
3619,25
3620,27
3621,26
3622,9
3623,3
3624,8
3625,12
3626,15
3627,16
3628,19
3629,10
3630,6
3631,15
3632,24
3633,20
3634,23
3635,25
3636,24
3637,18
3638,19
3639,6
3640,28
3641,20
3642,10
3643,23
3644,25
3645,9
3646,22
3647,7
3648,17
3649,11
3650,8
3651,14
3652,4
3653,27
3654,29
3655,11
3656,12
3657,27
3658,29
3659,9
3660,25
3661,1
3662,25
3663,15
3664,20
3665,28
3666,28
3667,17
3668,28
3669,21
3670,20
3671,6
3672,28
3673,16
3674,7
3675,25
3676,18
3677,13
3678,1
3679,8
3680,11
3681,11
3682,18
3683,6
3684,0
3685,24
3686,24
3687,0
3688,17
3689,8
3690,26
3691,28
3692,25
3693,27
3694,22
3695,10
3696,4
3697,26
3698,17
3699,27
3700,0
3701,1
3702,5
3703,10
3704,0
3705,11
3706,1
3707,29
3708,13
3709,6
3710,20
3711,3
3712,12
3713,19
3714,27
3715,25
3716,13
3717,26
3718,11
3719,29
3720,6
3721,6
3722,12
3723,23
3724,13
3725,21
3726,18
3727,17
3728,29
3729,27
3730,25
3731,26
3732,21
3733,19
3734,4
3735,20
3736,1
3737,15
3738,28
3739,19
3740,0
3741,3
3742,18
3743,29
3744,3
3745,17
3746,15
3747,13
3748,9
3749,14
3750,20
3751,0
3752,23
3753,10
3754,15
3755,29
3756,6
3757,11
3758,11
3759,5
3760,18
3761,17
3762,1
3763,3
3764,24
3765,23
3766,19
3767,19
3768,26
3769,2
3770,2
3771,5
3772,17
3773,27
3774,9
3775,25
3776,0
3777,12
3778,16
3779,23
3780,10
3781,0
3782,29
3783,8
3784,10
3785,7
3786,23
3787,8
3788,9
3789,21
3790,19
3791,17
3792,22
3793,13
3794,6
3795,6
3796,18
3797,21
3798,5
3799,27
3800,3
3801,6
3802,9
3803,28
3804,26
3805,18
3806,9
3807,11
3808,14
3809,1
3810,13
3811,16
3812,18
3813,6
3814,24
3815,19
3816,18
3817,10
3818,13
3819,7
3820,0
3821,17
3822,13
3823,9
3824,16
3825,28
3826,10
3827,19
3828,1
3829,5
3830,24
3831,3
3832,19
3833,19
3834,28
3835,24
3836,8
3837,29
3838,27
3839,27
3840,9
3841,4
3842,13
3843,19
3844,12
3845,24
3846,17
3847,5
3848,3
3849,18
3850,4
3851,12
3852,17
3853,4
3854,0
3855,12
3856,18
3857,1
3858,3
3859,6
3860,13
3861,15
3862,27
3863,23
3864,2
3865,11
3866,19
3867,26
3868,12
3869,1
3870,11
3871,27
3872,8
3873,18
3874,18
3875,29
3876,9
3877,7
3878,3
3879,6
3880,5
3881,23
3882,5
3883,0
3884,21
3885,0
3886,28
3887,6
3888,1
3889,6
3890,19
3891,14
3892,14
3893,6
3894,6
3895,27
3896,13
3897,19
3898,28
3899,4
3900,11
3901,11
3902,5
3903,15
3904,5
3905,24
3906,1
3907,10
3908,20
3909,7
3910,4
3911,27
3912,25
3913,13
3914,9
3915,17
3916,10
3917,8
3918,27
3919,5
3920,5
3921,28
3922,10
3923,23
3924,12
3925,28
3926,14
3927,24
3928,28
3929,0
3930,25
3931,24
3932,29
3933,8
3934,5
3935,5
3936,11
3937,18
3938,26
3939,27
3940,15
3941,26
3942,12
3943,18
3944,0
3945,22
3946,2
3947,14
3948,8
3949,1
3950,8
3951,0
3952,18
3953,10
3954,10
3955,8
3956,4
3957,0
3958,6
3959,29
3960,1
3961,21
3962,17
3963,11
3964,17
3965,25
3966,5
3967,11
3968,20
3969,28
3970,6
3971,25
3972,17
3973,14
3974,12
3975,18
3976,29
3977,2
3978,4
3979,20
3980,26
3981,3
3982,0
3983,14
3984,23
3985,10
3986,8
3987,17
3988,1
3989,2
3990,26
3991,12
3992,27
3993,5
3994,6
3995,26
3996,7
3997,8
3998,25
3999,8
4000,23
4001,13
4002,28
4003,1
4004,23
4005,14
4006,17
4007,0
4008,12
4009,24
4010,19
4011,7
4012,29
4013,21
4014,11
4015,6
4016,27
4017,12
4018,21
4019,9
4020,14
4021,12
4022,3
4023,24
4024,17
4025,10
4026,20
4027,9
4028,16
4029,7
4030,24
4031,9
4032,24
4033,21
4034,19
4035,11
4036,4
4037,12
4038,20
4039,14
4040,7
4041,13
4042,19
4043,3
4044,29
4045,24
4046,6
4047,27
4048,10
4049,6
4050,12
4051,4
4052,21
4053,19
4054,25
4055,19
4056,11
4057,17
4058,7
4059,29
4060,27
4061,25
4062,29
4063,27
4064,16
4065,8
4066,9
4067,0
4068,19
4069,27
4070,0
4071,13
4072,12
4073,21
4074,29
4075,27
4076,5
4077,18
4078,25
4079,19
4080,7
4081,0
4082,29
4083,8
4084,18
4085,5
4086,1
4087,18
4088,27
4089,12
4090,23
4091,20
4092,16
4093,1
4094,29
4095,26
4096,1
4097,10
4098,26
4099,6
4100,28
4101,18
4102,20
4103,6
4104,17
4105,20
4106,23
4107,4
4108,6
4109,29
4110,21
4111,29
4112,22
4113,6
4114,1
4115,21
4116,17
4117,26
4118,25
4119,13
4120,22
4121,5
4122,21
4123,0
4124,28
4125,8
4126,8
4127,7
4128,25
4129,15
4130,17
4131,26
4132,29
4133,6
4134,22
4135,11
4136,11
4137,19
4138,28
4139,3
4140,14
4141,2
4142,23
4143,28
4144,8
4145,4
4146,4
4147,23
4148,19
4149,1
4150,13
4151,6
4152,8
4153,9
4154,11
4155,1
4156,8
4157,29
4158,24
4159,29
4160,19
4161,21
4162,17
4163,23
4164,13
4165,24
4166,28
4167,27
4168,24
4169,28
4170,11
4171,19
4172,28
4173,14
4174,8
4175,23
4176,15
4177,2
4178,27
4179,4
4180,5
4181,16
4182,15
4183,22
4184,27
4185,14
4186,2
4187,14
4188,2
4189,1
4190,6
4191,11
4192,2
4193,15
4194,16
4195,16
4196,13
4197,15
4198,18
4199,24
4200,24
4201,21
4202,15
4203,24
4204,7
4205,22
4206,11
4207,28
4208,3
4209,20
4210,8
4211,27
4212,20
4213,27
4214,2
4215,13
4216,29
4217,8
4218,25
4219,6
4220,21
4221,25
4222,25
4223,19
4224,15
4225,10
4226,8
4227,27
4228,26
4229,18
4230,17
4231,21
4232,8
4233,8
4234,19
4235,29
4236,20
4237,29
4238,16
4239,9
4240,2
4241,14
4242,26
4243,11
4244,23
4245,21
4246,25
4247,25
4248,14
4249,3
4250,13
4251,29
4252,24
4253,3
4254,0
4255,13
4256,12
4257,10
4258,9
4259,13
4260,12
4261,2
4262,15
4263,8
4264,21
4265,7
4266,19
4267,15
4268,26
4269,27
4270,14
4271,0
4272,8
4273,13
4274,8
4275,17
4276,24
4277,25
4278,8
4279,3
4280,1
4281,10
4282,8
4283,19
4284,19
4285,28
4286,19
4287,7
4288,18
4289,2
4290,26
4291,24
4292,25
4293,29
4294,12
4295,16
4296,6
4297,26
4298,25
4299,26
4300,24
4301,24
4302,23
4303,16
4304,6
4305,7
4306,8
4307,5
4308,3
4309,12
4310,20
4311,28
4312,5
4313,8
4314,21
4315,27
4316,10
4317,1
4318,21
4319,10
4320,26
4321,21
4322,23
4323,12
4324,21
4325,28
4326,26
4327,27
4328,5
4329,8
4330,15
4331,8
4332,1
4333,6
4334,4
4335,0
4336,24
4337,5
4338,29
4339,9
4340,29
4341,8
4342,7
4343,0
4344,10
4345,24
4346,23
4347,11
4348,12
4349,9
4350,11
4351,11
4352,14
4353,10
4354,21
4355,8
4356,6
4357,1
4358,18
4359,26
4360,0
4361,21
4362,28
4363,16
4364,19
4365,26
4366,13
4367,11
4368,23
4369,26
4370,6
4371,15
4372,18
4373,23
4374,9
4375,25
4376,6
4377,6
4378,16
4379,1
4380,11
4381,6
4382,18
4383,6
4384,29
4385,27
4386,23
4387,10
4388,27
4389,22
4390,17
4391,26
4392,27
4393,23
4394,11
4395,10
4396,11
4397,13
4398,0
4399,19
4400,22
4401,3
4402,11
4403,24
4404,8
4405,15
4406,26
4407,8
4408,1
4409,21
4410,14
4411,27
4412,13
4413,23
4414,12
4415,2
4416,28
4417,20
4418,0
4419,11
4420,29
4421,21
4422,27
4423,28
4424,27
4425,25
4426,12
4427,1
4428,13
4429,24
4430,23
4431,11
4432,23
4433,3
4434,28
4435,13
4436,25
4437,1
4438,26
4439,2
4440,27
4441,20
4442,4
4443,27
4444,9
4445,1
4446,28
4447,17
4448,1
4449,19
4450,9
4451,2
4452,27
4453,6
4454,11
4455,14
4456,8
4457,28
4458,8
4459,2
4460,28
4461,11
4462,25
4463,8
4464,18
4465,18
4466,29
4467,5
4468,11
4469,18
4470,2
4471,20
4472,27
4473,3
4474,23
4475,4
4476,26
4477,13
4478,1
4479,8
4480,26
4481,2
4482,6
4483,19
4484,17
4485,14
4486,23
4487,5
4488,1
4489,10
4490,27
4491,27
4492,1
4493,9
4494,6
4495,6
4496,14
4497,21
4498,26
4499,1
4500,19
4501,15
4502,12
4503,9
4504,8
4505,28
4506,26
4507,19
4508,5
4509,5
4510,1
4511,10
4512,28
4513,23
4514,17
4515,17
4516,7
4517,6
4518,10
4519,25
4520,17
4521,11
4522,21
4523,1
4524,10
4525,6
4526,27
4527,11
4528,6
4529,20
4530,29
4531,21
4532,15
4533,3
4534,17
4535,24
4536,18
4537,10
4538,10
4539,14
4540,23
4541,6
4542,20
4543,18
4544,17
4545,17
4546,21
4547,24
4548,0
4549,19
4550,1
4551,15
4552,13
4553,3
4554,21
4555,23
4556,1
4557,23
4558,13
4559,6
4560,29
4561,19
4562,28
4563,25
4564,26
4565,10
4566,25
4567,8
4568,9
4569,9
4570,29
4571,28
4572,26
4573,7
4574,21
4575,1
4576,15
4577,15
4578,10
4579,6
4580,24
4581,21
4582,12
4583,10
4584,0
4585,21
4586,22
4587,22
4588,10
4589,13
4590,23
4591,29
4592,5
4593,27
4594,22
4595,14
4596,13
4597,2
4598,0
4599,10
4600,12
4601,11
4602,15
4603,18
4604,16
4605,8
4606,29
4607,28
4608,17
4609,13
4610,29
4611,29
4612,12
4613,28
4614,6
4615,8
4616,12
4617,13
4618,2
4619,23
4620,26
4621,24
4622,0
4623,12
4624,18
4625,10
4626,3
4627,4
4628,27
4629,27
4630,7
4631,2
4632,11
4633,6
4634,21
4635,16
4636,3
4637,17
4638,25
4639,18
4640,14
4641,21
4642,20
4643,6
4644,17
4645,19
4646,17
4647,28
4648,22
4649,7
4650,8
4651,28
4652,5
4653,5
4654,25
4655,13
4656,13
4657,8
4658,1
4659,26
4660,12
4661,4
4662,15
4663,29
4664,24
4665,29
4666,15
4667,0
4668,1
4669,5
4670,23
4671,16
4672,13
4673,0
4674,2
4675,23
4676,14
4677,25
4678,1
4679,23
4680,4
4681,20
4682,16
4683,1
4684,13
4685,10
4686,15
4687,11
4688,7
4689,28
4690,11
4691,27
4692,3
4693,15
4694,12
4695,26
4696,17
4697,25
4698,19
4699,29
4700,11
4701,19
4702,15
4703,5
4704,22
4705,11
4706,21
4707,9
4708,11
4709,20
4710,17
4711,26
4712,18
4713,15
4714,26
4715,11
4716,26
4717,27
4718,6
4719,9
4720,24
4721,0
4722,21
4723,25
4724,26
4725,10
4726,0
4727,19
4728,20
4729,8
4730,15
4731,29
4732,21
4733,29
4734,23
4735,19
4736,28
4737,22
4738,11
4739,19
4740,14
4741,8
4742,21
4743,18
4744,1
4745,11
4746,1
4747,3
4748,23
4749,10
4750,29
4751,3
4752,3
4753,3
4754,13
4755,12
4756,18
4757,18
4758,12
4759,12
4760,10
4761,28
4762,11
4763,3
4764,19
4765,27
4766,1
4767,21
4768,6
4769,10
4770,21
4771,8
4772,24
4773,14
4774,11
4775,25
4776,19
4777,2
4778,28
4779,8
4780,21
4781,25
4782,5
4783,16
4784,19
4785,13
4786,20
4787,27
4788,26
4789,26
4790,28
4791,21
4792,17
4793,26
4794,23
4795,25
4796,24
4797,14
4798,16
4799,10
4800,1
4801,18
4802,8
4803,4
4804,0
4805,6
4806,0
4807,17
4808,23
4809,4
4810,27
4811,17
4812,18
4813,22
4814,10
4815,21
4816,19
4817,17
4818,28
4819,20
4820,1
4821,13
4822,24
4823,15
4824,19
4825,27
4826,5
4827,11
4828,0
4829,28
4830,9
4831,28
4832,14
4833,27
4834,0
4835,7
4836,10
4837,9
4838,22
4839,23
4840,13
4841,11
4842,11
4843,19
4844,1
4845,27
4846,0
4847,9
4848,0
4849,2
4850,3
4851,8
4852,2
4853,18
4854,26
4855,28
4856,29
4857,15
4858,22
4859,24
4860,2
4861,23
4862,20
4863,12
4864,15
4865,25
4866,10
4867,2
4868,0
4869,16
4870,0
4871,7
4872,11
4873,13
4874,24
4875,15
4876,1
4877,3
4878,12
4879,10
4880,22
4881,27
4882,17
4883,9
4884,11
4885,21
4886,14
4887,12
4888,1
4889,16
4890,17
4891,19
4892,3
4893,14
4894,6
4895,17
4896,24
4897,6
4898,26
4899,11
4900,15
4901,0
4902,3
4903,19
4904,11
4905,0
4906,23
4907,1
4908,12
4909,10
4910,16
4911,15
4912,29
4913,22
4914,12
4915,29
4916,6
4917,13
4918,27
4919,6
4920,3
4921,18
4922,23
4923,19
4924,15
4925,21
4926,15
4927,14
4928,0
4929,5
4930,29
4931,19
4932,10
4933,4
4934,23
4935,10
4936,29
4937,28
4938,27
4939,21
4940,12
4941,15
4942,2
4943,3
4944,2
4945,25
4946,24
4947,21
4948,1
4949,17
4950,8
4951,22
4952,19
4953,28
4954,26
4955,6
4956,20
4957,28
4958,21
4959,25
4960,20
4961,10
4962,19
4963,25
4964,10
4965,12
4966,4
4967,4
4968,8
4969,24
4970,18
4971,8
4972,7
4973,12
4974,29
4975,12
4976,18
4977,20
4978,24
4979,3
4980,8
4981,25
4982,29
4983,0
4984,26
4985,15
4986,6
4987,14
4988,0
4989,28
4990,29
4991,27
4992,27
4993,1
4994,18
4995,18
4996,6
4997,3
4998,19
4999,3
5000,22
5001,26
5002,7
5003,23
5004,25
5005,15
5006,24
5007,11
5008,28
5009,29
5010,19
5011,18
5012,17
5013,20
5014,11
5015,24
5016,18
5017,6
5018,26
5019,29
5020,18
5021,8
5022,27
5023,0
5024,29
5025,8
5026,26
5027,23
5028,10
5029,10
5030,19
5031,23
5032,27
5033,18
5034,8
5035,24
5036,6
5037,11
5038,5
5039,17
5040,3
5041,20
5042,29
5043,15
5044,14
5045,19
5046,13
5047,6
5048,12
5049,9
5050,10
5051,28
5052,19
5053,21
5054,24
5055,20
5056,28
5057,12
5058,6
5059,16
5060,18
5061,6
5062,12
5063,5
5064,18
5065,16
5066,28
5067,26
5068,10
5069,11
5070,17
5071,1
5072,9
5073,12
5074,18
5075,26
5076,29
5077,25
5078,28
5079,12
5080,16
5081,0
5082,4
5083,20
5084,14
5085,29
5086,7
5087,18
5088,26
5089,28
5090,14
5091,7
5092,7
5093,27
5094,25
5095,1
5096,15
5097,3
5098,19
5099,25
5100,29
5101,10
5102,17
5103,25
5104,5
5105,6
5106,13
5107,18
5108,1
5109,14
5110,20
5111,8
5112,19
5113,26
5114,24
5115,24
5116,1
5117,24
5118,18
5119,6
5120,19
5121,14
5122,27
5123,27
5124,6
5125,19
5126,1
5127,21
5128,4
5129,25
5130,3
5131,25
5132,16
5133,5
5134,22
5135,2
5136,25
5137,5
5138,6
5139,10
5140,7
5141,23
5142,10
5143,8
5144,12
5145,8
5146,17
5147,29
5148,5
5149,15
5150,0
5151,14
5152,10
5153,12
5154,23
5155,10
5156,17
5157,0
5158,28
5159,17
5160,6
5161,10
5162,6
5163,24
5164,22
5165,17
5166,15
5167,16
5168,21
5169,11
5170,13
5171,6
5172,24
5173,7
5174,27
5175,12
5176,18
5177,21
5178,11
5179,9
5180,27
5181,17
5182,25
5183,26
5184,15
5185,20
5186,19
5187,5
5188,1
5189,10
5190,24
5191,29
5192,23
5193,7
5194,26
5195,28
5196,12
5197,23
5198,3
5199,2
5200,23
5201,13
5202,8
5203,28
5204,3
5205,26
5206,13
5207,23
5208,21
5209,17
5210,15
5211,29
5212,6
5213,8
5214,0
5215,7
5216,12
5217,4
5218,1
5219,2
5220,8
5221,20
5222,26
5223,16
5224,5
5225,26
5226,16
5227,8
5228,15
5229,2
5230,14
5231,16
5232,16
5233,29
5234,27
5235,2
5236,28
5237,18
5238,19
5239,2
5240,29
5241,14
5242,1
5243,24
5244,1
5245,23
5246,26
5247,8
5248,18
5249,10
5250,17
5251,10
5252,1
5253,19
5254,25
5255,1
5256,15
5257,9
5258,11
5259,4
5260,10
5261,7
5262,27
5263,21
5264,29
5265,5
5266,5
5267,10
5268,4
5269,20
5270,11
5271,21
5272,26
5273,5
5274,9
5275,15
5276,18
5277,16
5278,5
5279,14
5280,11
5281,20
5282,26
5283,9
5284,19
5285,23
5286,11
5287,14
5288,26
5289,24
5290,18
5291,8
5292,12
5293,15
5294,6
5295,0
5296,12
5297,4
5298,1
5299,14
5300,27
5301,11
5302,29
5303,3
5304,27
5305,27
5306,24
5307,29
5308,22
5309,8
5310,16
5311,19
5312,8
5313,24
5314,25
5315,9
5316,18
5317,8
5318,3
5319,20
5320,13
5321,24
5322,6
5323,8
5324,26
5325,19
5326,12
5327,7
5328,18
5329,27
5330,18
5331,4
5332,19
5333,21
5334,14
5335,23
5336,2
5337,28
5338,14
5339,22
5340,13
5341,15
5342,25
5343,24
5344,9
5345,7
5346,11
5347,29
5348,17
5349,15
5350,23
5351,2
5352,16
5353,6
5354,1
5355,3
5356,18
5357,24
5358,6
5359,29
5360,16
5361,21
5362,12
5363,26
5364,21
5365,9
5366,8
5367,17
5368,12
5369,14
5370,10
5371,25
5372,24
5373,3
5374,21
5375,10
5376,19
5377,23
5378,6
5379,8
5380,18
5381,20
5382,17
5383,17
5384,7
5385,13
5386,17
5387,21
5388,3
5389,10
5390,4
5391,17
5392,1
5393,6
5394,3
5395,18
5396,15
5397,1
5398,8
5399,4
5400,28
5401,13
5402,13
5403,27
5404,26
5405,1
5406,19
5407,19
5408,8
5409,7
5410,12
5411,28
5412,23
5413,6
5414,15
5415,29
5416,17
5417,18
5418,6
5419,23
5420,23
5421,19
5422,2
5423,25
5424,8
5425,4
5426,10
5427,8
5428,9
5429,28
5430,28
5431,24
5432,29
5433,27
5434,25
5435,22
5436,5
5437,10
5438,0
5439,25
5440,12
5441,27
5442,2
5443,5
5444,21
5445,3
5446,20
5447,21
5448,18
5449,1
5450,19
5451,10
5452,14
5453,25
5454,1
5455,25
5456,24
5457,4
5458,22
5459,29
5460,25
5461,12
5462,10
5463,19
5464,4
5465,23
5466,28
5467,24
5468,23
5469,1
5470,14
5471,14
5472,6
5473,24
5474,29
5475,1
5476,11
5477,8
5478,20
5479,24
5480,1
5481,15
5482,29
5483,18
5484,11
5485,21
5486,3
5487,8
5488,18
5489,0
5490,5
5491,17
5492,28
5493,18
5494,18
5495,6
5496,15
5497,21
5498,29
5499,18
5500,14
5501,24
5502,18
5503,22
5504,13
5505,21
5506,24
5507,17
5508,23
5509,22
5510,13
5511,0
5512,6
5513,11
5514,21
5515,2
5516,2
5517,23
5518,10
5519,27
5520,7
5521,0
5522,27
5523,28
5524,29
5525,5
5526,23
5527,9
5528,14
5529,8
5530,6
5531,3
5532,4
5533,18
5534,10
5535,11
5536,21
5537,10
5538,21
5539,18
5540,19
5541,20
5542,19
5543,23
5544,0
5545,27
5546,25
5547,3
5548,25
5549,13
5550,12
5551,19
5552,3
5553,4
5554,27
5555,2
5556,24
5557,4
5558,17
5559,6
5560,20
5561,11
5562,23
5563,13
5564,4
5565,18
5566,29
5567,19
5568,0
5569,0
5570,3
5571,7
5572,15
5573,10
5574,17
5575,5
5576,10
5577,9
5578,1
5579,3
5580,17
5581,27
5582,23
5583,28
5584,26
5585,13
5586,22
5587,15
5588,23
5589,21
5590,15
5591,23
5592,26
5593,2
5594,2
5595,8
5596,17
5597,3
5598,7
5599,29
5600,22
5601,26
5602,7
5603,24
5604,24
5605,12
5606,19
5607,13
5608,24
5609,16
5610,26
5611,0
5612,12
5613,21
5614,1
5615,19
5616,0
5617,22
5618,5
5619,21
5620,21
5621,6
5622,11
5623,16
5624,6
5625,13
5626,3
5627,23
5628,5
5629,29
5630,1
5631,21
5632,18
5633,2
5634,20
5635,8
5636,2
5637,27
5638,25
5639,29
5640,24
5641,26
5642,13
5643,9
5644,13
5645,16
5646,11
5647,28
5648,1
5649,8
5650,3
5651,1
5652,9
5653,8
5654,14
5655,29
5656,15
5657,4
5658,27
5659,5
5660,24
5661,25
5662,1
5663,20
5664,8
5665,26
5666,12
5667,22
5668,7
5669,25
5670,26
5671,26
5672,11
5673,8
5674,21
5675,8
5676,19
5677,7
5678,28
5679,0
5680,25
5681,2
5682,8
5683,9
5684,0
5685,15
5686,12
5687,22
5688,27
5689,12
5690,20
5691,6
5692,18
5693,19
5694,19
5695,10
5696,23
5697,12
5698,14
5699,0
5700,27
5701,24
5702,24
5703,11
5704,14
5705,6
5706,0
5707,3
5708,28
5709,11
5710,26
5711,1
5712,6
5713,7
5714,6
5715,27
5716,21
5717,21
5718,17
5719,3
5720,23
5721,7
5722,17
5723,24
5724,29
5725,19
5726,26
5727,10
5728,23
5729,0
5730,22
5731,0
5732,11
5733,26
5734,28
5735,17
5736,29
5737,10
5738,17
5739,17
5740,14
5741,27
5742,27
5743,18
5744,25
5745,8
5746,19
5747,13
5748,3
5749,7
5750,24
5751,13
5752,1
5753,11
5754,24
5755,25
5756,11
5757,22
5758,5
5759,16
5760,18
5761,16
5762,15
5763,6
5764,15
5765,21
5766,24
5767,26
5768,24
5769,27
5770,0
5771,12
5772,14
5773,12
5774,17
5775,22
5776,19
5777,27
5778,24
5779,28
5780,1
5781,23
5782,1
5783,24
5784,8
5785,25
5786,10
5787,8
5788,28
5789,10
5790,3
5791,25
5792,18
5793,2
5794,18
5795,6
5796,20
5797,25
5798,25
5799,21
5800,6
5801,13
5802,3
5803,27
5804,19
5805,21
5806,4
5807,18
5808,18
5809,28
5810,12
5811,8
5812,24
5813,23
5814,27
5815,0
5816,24
5817,1
5818,11
5819,23
5820,24
5821,1
5822,9
5823,0
5824,7
5825,3
5826,16
5827,18
5828,3
5829,1
5830,18
5831,19
5832,13
5833,11
5834,10
5835,26
5836,2
5837,12
5838,1
5839,28
5840,29
5841,2
5842,1
5843,16
5844,25
5845,7
5846,21
5847,14
5848,18
5849,5
5850,12
5851,27
5852,17
5853,1
5854,14
5855,10
5856,23
5857,2
5858,24
5859,13
5860,0
5861,19
5862,7
5863,17
5864,16
5865,20
5866,13
5867,4
5868,28
5869,1
5870,18
5871,23
5872,27
5873,20
5874,19
5875,28
5876,15
5877,5
5878,14
5879,5
5880,25
5881,19
5882,28
5883,15
5884,24
5885,23
5886,16
5887,15
5888,10
5889,11
5890,21
5891,8
5892,1
5893,3
5894,3
5895,27
5896,10
5897,2
5898,28
5899,12
5900,10
5901,8
5902,25
5903,13
5904,22
5905,7
5906,21
5907,11
5908,10
5909,28
5910,2
5911,17
5912,23
5913,8
5914,10
5915,0
5916,23
5917,15
5918,25
5919,2
5920,3
5921,8
5922,25
5923,1
5924,1
5925,12
5926,21
5927,0
5928,4
5929,2
5930,21
5931,21
5932,26
5933,6
5934,23
5935,14
5936,9
5937,1
5938,0
5939,19
5940,6
5941,28
5942,25
5943,18
5944,12
5945,6
5946,19
5947,6
5948,2
5949,15
5950,1
5951,26
5952,25
5953,6
5954,4
5955,13
5956,25
5957,1
5958,27
5959,24
5960,18
5961,15
5962,12
5963,8
5964,19
5965,2
5966,7
5967,21
5968,11
5969,23
5970,15
5971,11
5972,6
5973,17
5974,19
5975,10
5976,24
5977,26
5978,6
5979,17
5980,7
5981,1
5982,20
5983,12
5984,26
5985,25
5986,29
5987,21
5988,14
5989,11
5990,28
5991,22
5992,17
5993,23
5994,20
5995,28
5996,15
5997,19
5998,26
5999,1
6000,26
6001,15
6002,13
6003,19
6004,21
6005,16
6006,15
6007,6
6008,3
6009,12
6010,23
6011,17
6012,3
6013,8
6014,17
6015,27
6016,25
6017,13
6018,15
6019,20
6020,13
6021,2
6022,18
6023,26
6024,27
6025,22
6026,24
6027,20
6028,13
6029,4
6030,17
6031,22
6032,29
6033,11
6034,6
6035,25
6036,21
6037,23
6038,8
6039,13
6040,18
6041,19
6042,17
6043,17
6044,1
6045,26
6046,2
6047,21
6048,22
6049,13
6050,6
6051,4
6052,2
6053,8
6054,17
6055,27
6056,9
6057,1
6058,21
6059,24
6060,10
6061,6
6062,11
6063,27
6064,25
6065,21
6066,7
6067,19
6068,1
6069,25
6070,14
6071,9
6072,0
6073,29
6074,2
6075,4
6076,12
6077,1
6078,10
6079,13
6080,12
6081,8
6082,25
6083,8
6084,23
6085,8
6086,10
6087,6
6088,1
6089,29
6090,24
6091,21
6092,25
6093,10
6094,26
6095,25
6096,18
6097,3
6098,14
6099,8
6100,6
6101,1
6102,2
6103,3
6104,6
6105,24
6106,28
6107,10
6108,24
6109,29
6110,19
6111,10
6112,5
6113,10
6114,18
6115,18
6116,6
6117,29
6118,20
6119,10
6120,18
6121,10
6122,7
6123,14
6124,13
6125,11
6126,18
6127,8
6128,13
6129,9
6130,21
6131,18
6132,13
6133,19
6134,7
6135,24
6136,18
6137,28
6138,20
6139,21
6140,27
6141,28
6142,9
6143,13
6144,5
6145,6
6146,19
6147,15
6148,16
6149,0
6150,7
6151,24
6152,24
6153,3
6154,5
6155,28
6156,9
6157,14
6158,19
6159,21
6160,9
6161,7
6162,19
6163,8
6164,10
6165,23
6166,3
6167,21
6168,4
6169,7
6170,28
6171,0
6172,11
6173,17
6174,22
6175,9
6176,6
6177,6
6178,12
6179,6
6180,15
6181,7
6182,11
6183,28
6184,26
6185,22
6186,1
6187,3
6188,2
6189,23
6190,16
6191,10
6192,6
6193,29
6194,19
6195,25
6196,21
6197,21
6198,2
6199,18
6200,14
6201,0
6202,12
6203,21
6204,0
6205,25
6206,27
6207,29
6208,28
6209,8
6210,13
6211,12
6212,21
6213,20
6214,6
6215,5
6216,6
6217,22
6218,17
6219,0
6220,2
6221,14
6222,7
6223,10
6224,19
6225,6
6226,13
6227,7
6228,15
6229,12
6230,24
6231,28
6232,1
6233,5
6234,16
6235,24
6236,10
6237,28
6238,8
6239,21
6240,29
6241,13
6242,27
6243,24
6244,10
6245,22
6246,23
6247,22
6248,19
6249,29
6250,19
6251,5
6252,4
6253,9
6254,13
6255,25
6256,15
6257,23
6258,2
6259,23
6260,11
6261,24
6262,21
6263,19
6264,4
6265,18
6266,0
6267,16
6268,28
6269,21
6270,7
6271,23
6272,2
6273,26
6274,21
6275,13
6276,6
6277,2
6278,2
6279,23
6280,15
6281,2
6282,15
6283,17
6284,0
6285,6
6286,27
6287,29
6288,14
6289,17
6290,5
6291,26
6292,1
6293,8
6294,3
6295,5
6296,25
6297,22
6298,22
6299,8
6300,13
6301,6
6302,7
6303,15
6304,8
6305,5
6306,21
6307,13
6308,6
6309,11
6310,9
6311,4
6312,10
6313,15
6314,10
6315,12
6316,2
6317,7
6318,18
6319,2
6320,14
6321,21
6322,9
6323,3
6324,19
6325,27
6326,11
6327,29
6328,14
6329,21
6330,3
6331,18
6332,7
6333,16
6334,23
6335,10
6336,16
6337,15
6338,4
6339,28
6340,25
6341,25
6342,11
6343,24
6344,12
6345,7
6346,20
6347,17
6348,25
6349,11
6350,8
6351,8
6352,17
6353,14
6354,21
6355,9
6356,9
6357,29
6358,4
6359,10
6360,4
6361,16
6362,10
6363,8
6364,26
6365,11
6366,28
6367,15
6368,23
6369,6
6370,5
6371,29
6372,3
6373,1
6374,11
6375,21
6376,16
6377,21
6378,0
6379,25
6380,15
6381,25
6382,16
6383,0
6384,29
6385,17
6386,16
6387,17
6388,6
6389,0
6390,0
6391,6
6392,29
6393,0
6394,15
6395,17
6396,23
6397,7
6398,10
6399,11
6400,22
6401,1
6402,15
6403,8
6404,29
6405,17
6406,19
6407,4
6408,21
6409,26
6410,12
6411,0
6412,22
6413,15
6414,5
6415,29
6416,9
6417,9
6418,12
6419,14
6420,4
6421,25
6422,12
6423,28
6424,6
6425,21
6426,24
6427,27
6428,1
6429,12
6430,9
6431,5
6432,19
6433,7
6434,1
6435,13
6436,29
6437,16
6438,1
6439,28
6440,27
6441,18
6442,13
6443,7
6444,27
6445,28
6446,14
6447,14
6448,17
6449,23
6450,18
6451,20
6452,7
6453,12
6454,6
6455,21
6456,25
6457,7
6458,0
6459,29
6460,18
6461,11
6462,2
6463,21
6464,13
6465,24
6466,2
6467,28
6468,2
6469,0
6470,16
6471,3
6472,4
6473,22
6474,10
6475,12
6476,13
6477,1
6478,1
6479,25
6480,24
6481,3
6482,28
6483,13
6484,1
6485,15
6486,11
6487,22
6488,16
6489,26
6490,18
6491,16
6492,21
6493,23
6494,5
6495,17
6496,15
6497,6
6498,1
6499,5
6500,19
6501,22
6502,27
6503,20
6504,4
6505,28
6506,22
6507,29
6508,17
6509,7
6510,17
6511,8
6512,23
6513,2
6514,26
6515,19
6516,25
6517,6
6518,4
6519,2
6520,8
6521,3
6522,8
6523,23
6524,21
6525,28
6526,29
6527,27
6528,24
6529,4
6530,10
6531,6
6532,16
6533,22
6534,4
6535,28
6536,17
6537,12
6538,23
6539,5
6540,5
6541,5
6542,5
6543,23
6544,22
6545,4
6546,12
6547,26
6548,2
6549,27
6550,12
6551,6
6552,19
6553,29
6554,1
6555,9
6556,26
6557,28
6558,10
6559,15
6560,26
6561,19
6562,10
6563,8
6564,3
6565,13
6566,29
6567,26
6568,22
6569,27
6570,13
6571,18
6572,15
6573,10
6574,23
6575,7
6576,6
6577,24
6578,10
6579,17
6580,10
6581,9
6582,3
6583,23
6584,14
6585,13
6586,27
6587,28
6588,9
6589,6
6590,13
6591,4
6592,10
6593,4
6594,17
6595,22
6596,12
6597,19
6598,28
6599,4
6600,5
6601,13
6602,3
6603,3
6604,21
6605,23
6606,24
6607,11
6608,1
6609,17
6610,17
6611,29
6612,2
6613,23
6614,15
6615,18
6616,6
6617,8
6618,29
6619,26
6620,27
6621,6
6622,13
6623,27
6624,1
6625,23
6626,14
6627,19
6628,18
6629,24
6630,27
6631,19
6632,3
6633,27
6634,26
6635,25
6636,9
6637,27
6638,10
6639,21
6640,24
6641,4
6642,5
6643,20
6644,6
6645,29
6646,27
6647,25
6648,9
6649,23
6650,9
6651,9
6652,11
6653,14
6654,13
6655,1
6656,15
6657,7
6658,11
6659,19
6660,4
6661,3
6662,29
6663,3
6664,1
6665,8
6666,12
6667,13
6668,12
6669,27
6670,1
6671,29
6672,19
6673,0
6674,25
6675,12
6676,14
6677,15
6678,23
6679,3
6680,24
6681,25
6682,0
6683,25
6684,2
6685,23
6686,15
6687,7
6688,18
6689,10
6690,10
6691,17
6692,23
6693,18
6694,25
6695,14
6696,29
6697,25
6698,9
6699,8
6700,2
6701,12
6702,5
6703,15
6704,12
6705,11
6706,6
6707,13
6708,16
6709,19
6710,14
6711,26
6712,21
6713,13
6714,10
6715,10
6716,17
6717,0
6718,28
6719,2
6720,16
6721,7
6722,28
6723,27
6724,8
6725,2
6726,0
6727,10
6728,29
6729,0
6730,10
6731,5
6732,6
6733,1
6734,11
6735,10
6736,20
6737,27
6738,26
6739,25
6740,27
6741,24
6742,17
6743,29
6744,24
6745,18
6746,21
6747,8
6748,14
6749,28
6750,27
6751,0
6752,15
6753,10
6754,2
6755,29
6756,22
6757,14
6758,28
6759,21
6760,28
6761,12
6762,17
6763,26
6764,10
6765,20
6766,8
6767,24
6768,21
6769,2
6770,13
6771,10
6772,8
6773,10
6774,7
6775,12
6776,27
6777,27
6778,12
6779,16
6780,2
6781,14
6782,10
6783,28
6784,15
6785,21
6786,6
6787,15
6788,7
6789,15
6790,0
6791,15
6792,5
6793,17
6794,28
6795,23
6796,7
6797,28
6798,0
6799,0
6800,6
6801,22
6802,17
6803,29
6804,28
6805,3
6806,2
6807,9
6808,10
6809,0
6810,10
6811,0
6812,11
6813,14
6814,13
6815,1
6816,14
6817,27
6818,3
6819,29
6820,20
6821,19
6822,2
6823,12
6824,21
6825,6
6826,11
6827,7
6828,6
6829,23
6830,9
6831,16
6832,11
6833,11
6834,10
